-- ----------------------------
-- Records of config
-- ----------------------------
INSERT INTO `config` VALUES ('auto_invest_delay_time', '指定时间开始投标', '0', '项目发布以后，多长时间(分钟)可以开始自动投标。', 'auto_invest');
INSERT INTO `config` VALUES ('auto_invest_end_percent', '自动投标截止募集百分比', '50', '项目投标到百分之多少以后，禁止自动投标', 'auto_invest');
INSERT INTO `config` VALUES ('auto_invest_is_open', '是否开启自动投标', '1', '1为开启，0为关闭', 'auto_invest');
INSERT INTO `config` VALUES ('enable_mobile_site', '是否开启手机站', '0', '1：开启。0：关闭', 'basic');
INSERT INTO `config` VALUES ('input.email', '邮箱输入验证', '^([a-zA-Z0-9]+[_|\\-|\\_|\\.]?)*[a-zA-Z0-9]+@([a-zA-Z0-9]+[_|\\_|\\.]?)*[a-zA-Z0-9]+\\.[a-zA-Z]{2,3}$', '{0}输入不合法！', 'input_rule');
INSERT INTO `config` VALUES ('input.idCard', '身份证号验证', '(^\\d{15}$)|(^\\d{17}([0-9]|X)$)', '{0}格式不正确', 'input_rule');
INSERT INTO `config` VALUES ('input.mobile', '注册手机号码验证', '^1[\\d]{10}$', '请输入正确的{0}！', 'input_rule');
INSERT INTO `config` VALUES ('input.password', '密码验证', '^(?![0-9]+$)(?![a-zA-Z]+$)[0-9A-Za-z]{6,16}$', '{0}是数字和字母的组合，长度为6-16位', 'input_rule');
INSERT INTO `config` VALUES ('input.username', '用户名验证', '^([A-Za-z0-9_]{5,10}|[\\D]{11}|(?=.*\\d)(?=.*[a-z])[A-Za-z0-9_]{11}|[0|2-9][0-9]{10}|1[0][0-9]{9}|[A-Za-z0-9_]{12,16})$', '{0}不允许包含特殊字符，长度为5-16位，请勿使用手机号', 'input_rule');
INSERT INTO `config` VALUES ('invest_transfer.apply_before_repay_day', '还款日前几天，才能申请债权转让，默认7', '1', '还款日前几天，才能申请债权转让，默认7', 'invest_transfer');
INSERT INTO `config` VALUES ('invest_transfer.can_equal_self_worth', '债权转让金额是否允许等于债权本身金额', '1', '债权转让金额是否允许等于债权本身金额(1:可以，0:不可以，空：未设置)', 'invest_transfer');
INSERT INTO `config` VALUES ('invest_transfer.can_greater_than_self_worth', '债权转让金额是否允许大于债权本身金额', '1', '债权转让金额是否允许大于债权本身金额(1:可以，0:不可以，空：未设置)', 'invest_transfer');
INSERT INTO `config` VALUES ('invest_transfer.can_less_than_self_worth', '债权转让金额是否允许小于债权本身金额', '1', '债权转让金额是否允许小于本身金额(1:可以，0:不可以，空：未设置)', 'invest_transfer');
INSERT INTO `config` VALUES ('invest_transfer.dead_line', '转让申请有效期', '1', '转让申请有效期(天)', 'invest_transfer');
INSERT INTO `config` VALUES ('invest_transfer.paid_repay_count_min', '投资人持有该债权的时间', '0', '投资人持有该债权的时间(月)', 'invest_transfer');
INSERT INTO `config` VALUES ('invest_transfer.remain_corpus_min', '剩余本金', '1', '剩余本金', 'invest_transfer');
INSERT INTO `config` VALUES ('invest_transfer.remain_repay_count_min', '要转让的债权剩余期数', '1', '要转让的债权剩余期数大于或等于几期可转让', 'invest_transfer');
INSERT INTO `config` VALUES ('ipspay.withdraw_fee_type', '环迅资金托管提现，谁付手续费', '1', '1：平台支付；2：提现方支付', 'recharge_type');
INSERT INTO `config` VALUES ('ipspay_enable', '开启环迅资金托管', '0', '', 'recharge_type');
INSERT INTO `config` VALUES ('login_fail_max_times', '账号或者密码输入N次出现验证码', '2', '账号或者密码输入错误几次后出现验证码.\r\n', 'user_safe');
INSERT INTO `config` VALUES ('mail_password', '密码', 'whviwhvi', '邮箱的密码，用于服务器发送邮件时使用', 'mail');
INSERT INTO `config` VALUES ('mail_personal', '发件人称呼', '发发贷', '发送邮件时发件人的称呼', 'mail');
INSERT INTO `config` VALUES ('mail_smtp', '发送邮件服务器', 'smtp.163.com', '邮件发送服务器配置', 'mail');
INSERT INTO `config` VALUES ('mail_username', '用户名', 'tcwhvi1@163.com', '邮箱的地址，用于服务器发送邮件', 'mail');
INSERT INTO `config` VALUES ('open_watchdog', '是否开启访问记录', '1', '是否开启访问记录,1表示开启，0表示不开启', 'watchdog_config');
INSERT INTO `config` VALUES ('open_watermark', '是否开启水印', '0', '是否开启水印,1表示开启，0表示不开启', 'wartermark_config');
INSERT INTO `config` VALUES ('password_fail_max_times', '密码输入错误N次锁定该账号 ', '5', '用户密码输入错误几次后锁定该帐号', 'user_safe');
INSERT INTO `config` VALUES ('pnrpay_enable', '开启汇付天下资金托管', '0', '', 'recharge_type');
INSERT INTO `config` VALUES ('repay_alert.days_before', '提前多少天提醒还款', '3', null, 'repayment_type');
INSERT INTO `config` VALUES ('schedule.enable_auto_repayment', '自动还款', '1', null, 'schedule');
INSERT INTO `config` VALUES ('schedule.enable_refresh_trusteeship', '第三方资金托管，主动查询', '0', null, 'schedule');
INSERT INTO `config` VALUES ('schedule.enable_repay_alert', '还款提醒', '1', null, 'schedule');
INSERT INTO `config` VALUES ('site_dns', '域名', 'www.jindingp2p.com', '本站域名', 'basic');
INSERT INTO `config` VALUES ('site_name', '站点标题', '金鼎海汇', '本站的标题', 'basic');
INSERT INTO `config` VALUES ('site_phone', '客服电话', '4006-517-558', '客服电话', 'basic');
INSERT INTO `config` VALUES ('site_slogan', '站点口号', '', '本站的口号，即站点的副标题', 'basic');

-- ----------------------------
-- Records of config_type
-- ----------------------------
INSERT INTO `config_type` VALUES ('auto_invest', '自动投标配置', null);
INSERT INTO `config_type` VALUES ('basic', '基本信息', '配置站点的基本信息，如域名，站点标题等...');
INSERT INTO `config_type` VALUES ('coordinate_type', '利率协调配置', '设置利率协调相关配置');
INSERT INTO `config_type` VALUES ('input_rule', '表单输入验证', '验证用户输入表单');
INSERT INTO `config_type` VALUES ('invest_transfer', '债权转让配置', '');
INSERT INTO `config_type` VALUES ('ipfilter', 'IP地址过滤', null);
INSERT INTO `config_type` VALUES ('loan_type', '借款项目类型', '开启、关闭某借款项目类型');
INSERT INTO `config_type` VALUES ('mail', '邮件配置', '配置服务器发送邮件的一些要素');
INSERT INTO `config_type` VALUES ('recharge_type', '支付方式', '开启、关闭某充值支付方式');
INSERT INTO `config_type` VALUES ('repayment_type', '还款方式', '开启、关闭某还款方式');
INSERT INTO `config_type` VALUES ('schedule', '初始化调度', '开启关闭系统启动时候的初始化调度');
INSERT INTO `config_type` VALUES ('user_safe', '登录配置', '为了用户帐号的安全，设定某些登录限制以确保用户帐号的安全');
INSERT INTO `config_type` VALUES ('wartermark_config', '水印配置', '开启、关闭水印开关');
INSERT INTO `config_type` VALUES ('watchdog_config', '访问记录配置', '开启、关闭访问记录');

-- ----------------------------
-- Records of dict
-- ----------------------------
INSERT INTO `dict` VALUES ('02ae6eeaf7424c1da0e0b729a05e0fcc', 'repaying', '', '0', null, '还款中', 'ee7bce34e6f14b3bb03c4ce1af93772c');
INSERT INTO `dict` VALUES ('07c818224c5e4b2d80bf9c5b873fc567', 'complete', '', '6', null, '完成', '656794ed6aee498ca747b2f5848d0b2f');
INSERT INTO `dict` VALUES ('156488c3baa24808a89ecb21fa6e9cda', 'bad_debt', '', '0', null, '坏账', 'ee7bce34e6f14b3bb03c4ce1af93772c');
INSERT INTO `dict` VALUES ('1c35c9a3feef4d24a107a062e348fd55', 'COMMON', '公共数据字典', '0', null, '公共数据字典', null);
INSERT INTO `dict` VALUES ('1fa199eb5bb54ed29bedfeff60e10f29', 'bad_debt', '', '0', null, '坏账', '87f4b7a8c1a941e7a324e5685f40ca7b');
INSERT INTO `dict` VALUES ('26981fa1082b4411a1a196b99d325f6c', 'wait_loaning_verify', '', '2', null, '资金托管放款确认中', '656794ed6aee498ca747b2f5848d0b2f');
INSERT INTO `dict` VALUES ('26b5b7396a014245a68d3c88d8fb87b8', 'test', '测试标', '0', null, '测试标', 'business_type_config_1');
INSERT INTO `dict` VALUES ('34e0c7833b0944bc9aee2c604515c98d', 'recheck', '', '0', null, '等待复核', '39caffaf07c64f4680f3aa4ab5dfed9f');
INSERT INTO `dict` VALUES ('39caffaf07c64f4680f3aa4ab5dfed9f', 'withdraw', '', '0', null, '提现', null);
INSERT INTO `dict` VALUES ('4c0878e608e4401bb21292f41a73f97d', 'cancel', '', '4', null, '流标', '656794ed6aee498ca747b2f5848d0b2f');
INSERT INTO `dict` VALUES ('4e685495d4bf422b9486ba30a15c536b', 'complete', '', '0', null, '完成', 'ee7bce34e6f14b3bb03c4ce1af93772c');
INSERT INTO `dict` VALUES ('5036e1168cfe45a792b71013d5d20a81', 'bad_debt', '', '7', null, '坏账', '656794ed6aee498ca747b2f5848d0b2f');
INSERT INTO `dict` VALUES ('58b1f8a6dc2d482790ed81fcf018071d', 'to_frozen', '从冻结金额中转出', '8', null, '从冻结金额中转出', '9597cefb1a134ac49846bfb96d660e30');
INSERT INTO `dict` VALUES ('5cdf86c4a2d74025bc8d846196d3ef0d', 'recheck', '', '0', null, '等待复核', '87f4b7a8c1a941e7a324e5685f40ca7b');
INSERT INTO `dict` VALUES ('5f39262a58b94b05b62156d5f828533d', 'wait_verify', '', '0', null, '等待审核', '39caffaf07c64f4680f3aa4ab5dfed9f');
INSERT INTO `dict` VALUES ('656794ed6aee498ca747b2f5848d0b2f', 'invest_status', '', '0', null, '投资状态', null);
INSERT INTO `dict` VALUES ('66039ec4bfad417b8788025b52dea161', 'verify_fail', '', '0', null, '审核未通过', '39caffaf07c64f4680f3aa4ab5dfed9f');
INSERT INTO `dict` VALUES ('6693112136e34c18afeefb8c9f33b73a', 'h', '', '0', null, 'hg', '1fa199eb5bb54ed29bedfeff60e10f29');
INSERT INTO `dict` VALUES ('66bb75ef48034c8b9dbb3e6bdbea5afd', 'overdue', '', '0', null, '逾期', 'ee7bce34e6f14b3bb03c4ce1af93772c');
INSERT INTO `dict` VALUES ('79dbdccbcc6c4ffbaef1873036a94ea8', 'wait_affirm', '', '0', null, '资金托管确认中', '656794ed6aee498ca747b2f5848d0b2f');
INSERT INTO `dict` VALUES ('7f1b13ae402a49619b89b92bfbe7cf9a', 'verify_fail', '', '0', null, '审核未通过', '87f4b7a8c1a941e7a324e5685f40ca7b');
INSERT INTO `dict` VALUES ('831431251a694c53a06591adc42608a6', 'overdue', '', '6', null, '逾期', '656794ed6aee498ca747b2f5848d0b2f');
INSERT INTO `dict` VALUES ('8444d6215dba460c82040a6ff8f5432a', 'invest', '', '0', null, '投资', null);
INSERT INTO `dict` VALUES ('87f4b7a8c1a941e7a324e5685f40ca7b', 'loan', '', '0', null, '借款项目', null);
INSERT INTO `dict` VALUES ('9597cefb1a134ac49846bfb96d660e30', 'bill_type', '费用类型', '0', null, '费用类型', null);
INSERT INTO `dict` VALUES ('9c2ad880ae8f481cb85efb82f1f3404e', 'ti_balance', '转入到余额', '6', null, '转入到余额', '9597cefb1a134ac49846bfb96d660e30');
INSERT INTO `dict` VALUES ('a2d2a00f32694ba38990e37489bf9bd3', 'overdue', '', '0', null, '逾期', '87f4b7a8c1a941e7a324e5685f40ca7b');
INSERT INTO `dict` VALUES ('a3fe95f5104b48718e5ec3a38bb3b87f', 'withdrawal', '', '0', null, '撤标', '87f4b7a8c1a941e7a324e5685f40ca7b');
INSERT INTO `dict` VALUES ('abb5227f60044d75bf18a6a433cea949', 'withdrawal', '', '3', null, '撤标', '656794ed6aee498ca747b2f5848d0b2f');
INSERT INTO `dict` VALUES ('admin_operation', 'admin_operation', null, '0', null, '管理员干预', 'ecb1e59125f64f9b9765901cc6a9a222');
INSERT INTO `dict` VALUES ('apply_enterprise_loan_status', 'apply_enterprise_loan_status', null, '0', null, '企业借款申请状态', null);
INSERT INTO `dict` VALUES ('apply_loan', 'apply_loan', null, '0', null, '申请借款', 'ecb1e59125f64f9b9765901cc6a9a222');
INSERT INTO `dict` VALUES ('apply_withdraw', 'apply_withdraw', null, '0', null, '申请提现', 'ecb1e59125f64f9b9765901cc6a9a222');
INSERT INTO `dict` VALUES ('b0daea5864094857bf2ea082cca8b8ee', 'dqgs', '', '0', null, '贷前公示', '87f4b7a8c1a941e7a324e5685f40ca7b');
INSERT INTO `dict` VALUES ('business_type_config_1', 'business_type', '项目类型，个人标，企业标，信用标等', '0', null, '项目类型', null);
INSERT INTO `dict` VALUES ('business_type_config_2', '个人借款', '企业借款', '0', null, '个人借款', 'business_type_config_1');
INSERT INTO `dict` VALUES ('business_type_config_3', '企业借款', '企业借款', '0', null, '企业借款', 'business_type_config_1');
INSERT INTO `dict` VALUES ('c91fb3da4f804cddaf165cc31815a0c3', 'freeze', '', '0', null, '冻结', '9597cefb1a134ac49846bfb96d660e30');
INSERT INTO `dict` VALUES ('cam', 'cam', '', '0', null, '等额本金', 'repay_type');
INSERT INTO `dict` VALUES ('cancel_invest', 'cancel_invest', null, '0', null, '投资流标', 'ecb1e59125f64f9b9765901cc6a9a222');
INSERT INTO `dict` VALUES ('cancel_loan', 'cancel_loan', null, '0', null, '借款流标', 'ecb1e59125f64f9b9765901cc6a9a222');
INSERT INTO `dict` VALUES ('cpm', 'cpm', null, '1', null, '等额本息', 'repay_type');
INSERT INTO `dict` VALUES ('d5ceb4aedc764d78ac3929d4c498582a', 'cancel', '', '0', null, '流标', '87f4b7a8c1a941e7a324e5685f40ca7b');
INSERT INTO `dict` VALUES ('day', 'day', null, '0', null, '天', 'repay_unit');
INSERT INTO `dict` VALUES ('e1507e0219bb465d810c1d469744a7e8', 'to_balance', '', '4', null, '从余额转出', '9597cefb1a134ac49846bfb96d660e30');
INSERT INTO `dict` VALUES ('e2f30bcf99ab40f2a4de6638e697e4ad', 'waiting_verify', '', '0', null, '等待审核', '87f4b7a8c1a941e7a324e5685f40ca7b');
INSERT INTO `dict` VALUES ('e9313458cbae432aab52b9ed5f4d8649', 'raising', '', '0', null, '筹款中', '87f4b7a8c1a941e7a324e5685f40ca7b');
INSERT INTO `dict` VALUES ('ebaaf96f03804e77879f2d450c4d8548', 'wait_repay_verify', '', '1', null, '等待还款确认', 'ee7bce34e6f14b3bb03c4ce1af93772c');
INSERT INTO `dict` VALUES ('ecb1e59125f64f9b9765901cc6a9a222', 'bill_operator', '', '0', null, '用户账单', null);
INSERT INTO `dict` VALUES ('ed53667face844c78cf625fe0470c755', 'complete', '', '0', null, '完成', '87f4b7a8c1a941e7a324e5685f40ca7b');
INSERT INTO `dict` VALUES ('ee7bce34e6f14b3bb03c4ce1af93772c', 'repay_status', '', '0', null, '还款状态', null);
INSERT INTO `dict` VALUES ('f3fde8c694124f178e6eab3dd7a6b069', 'repaying', '', '0', null, '还款中', '87f4b7a8c1a941e7a324e5685f40ca7b');
INSERT INTO `dict` VALUES ('f531bf6820204751a33249d4b761e152', 'bid_success', '', '1', null, '投标成功', '656794ed6aee498ca747b2f5848d0b2f');
INSERT INTO `dict` VALUES ('f86c08ddc24e4d6eb2286a819b5afab4', 'unfreeze', '', '2', null, '解冻', '9597cefb1a134ac49846bfb96d660e30');
INSERT INTO `dict` VALUES ('fe2a4eaef7914b73a207fd5d4a62fa2c', 'success', '', '0', null, '提现成功', '39caffaf07c64f4680f3aa4ab5dfed9f');
INSERT INTO `dict` VALUES ('fe4d2d53a7424264878f8701cc8d97e2', 'repaying', '', '5', null, '还款中', '656794ed6aee498ca747b2f5848d0b2f');
INSERT INTO `dict` VALUES ('give_money_to_borrower', 'give_money_to_borrower', null, '0', null, '借款放款', 'ecb1e59125f64f9b9765901cc6a9a222');
INSERT INTO `dict` VALUES ('interest_begin_on_invest', 'interest_begin_on_invest', null, '0', null, '即投即生息', 'interest_point');
INSERT INTO `dict` VALUES ('interest_begin_on_loan', 'interest_begin_on_loan', null, '1', null, '放款后生息', 'interest_point');
INSERT INTO `dict` VALUES ('interest_point', 'interest_point', null, '0', null, '计息节点', null);
INSERT INTO `dict` VALUES ('interest_type', 'interest_type', null, '0', null, '计息方式', null);
INSERT INTO `dict` VALUES ('interest_type_day', 'day', null, '0', null, '天', 'interest_type');
INSERT INTO `dict` VALUES ('interest_type_month', 'month', null, '0', null, '月', 'interest_type');
INSERT INTO `dict` VALUES ('invest_success', 'invest_success', null, '0', null, '投资成功', 'ecb1e59125f64f9b9765901cc6a9a222');
INSERT INTO `dict` VALUES ('loan_waiting_cancel_affirm', 'waiting_cancel_affirm', '', '0', '', '流标后等待资金托管方确认', '87f4b7a8c1a941e7a324e5685f40ca7b');
INSERT INTO `dict` VALUES ('loan_waiting_recheck_verify', 'waiting_recheck_verify', '', '0', '', '放款后等待资金托管方确认', '87f4b7a8c1a941e7a324e5685f40ca7b');
INSERT INTO `dict` VALUES ('loan_waiting_verify_affirm', 'waiting_verify_affirm', null, '0', null, '审核后等待资金托管确认', '87f4b7a8c1a941e7a324e5685f40ca7b');
INSERT INTO `dict` VALUES ('loan_waiting_verify_affirm_user', 'waiting_verify_affirm_user', '', '0', '', '审核后等待资金托管方用户确认', '87f4b7a8c1a941e7a324e5685f40ca7b');
INSERT INTO `dict` VALUES ('month', 'month', null, '1', null, '月', 'repay_unit');
INSERT INTO `dict` VALUES ('normal_repay', 'normal_repay', null, '0', null, '正常还款', 'ecb1e59125f64f9b9765901cc6a9a222');
INSERT INTO `dict` VALUES ('recharge_success', 'recharge_success', null, '0', null, '充值成功', 'ecb1e59125f64f9b9765901cc6a9a222');
INSERT INTO `dict` VALUES ('refuse_apply_loan', 'refuse_apply_loan', null, '0', null, '借款申请未通过', 'ecb1e59125f64f9b9765901cc6a9a222');
INSERT INTO `dict` VALUES ('refuse_apply_withdraw', 'refuse_apply_withdraw', null, '0', null, '提现申请未通过', 'ecb1e59125f64f9b9765901cc6a9a222');
INSERT INTO `dict` VALUES ('repay_type', 'repay_type', null, '0', null, '还款类型', null);
INSERT INTO `dict` VALUES ('repay_unit', 'repay_unit', null, '0', null, '还款方式单元（天s、月s等等）', null);
INSERT INTO `dict` VALUES ('rfcl', 'rfcl', null, '2', null, '先付利息后还本金', 'repay_type');
INSERT INTO `dict` VALUES ('rlio', 'rlio', null, '3', null, '到期还本付息', 'repay_type');
INSERT INTO `dict` VALUES ('transfer ', 'transfer ', null, '0', null, '购买债权', 'ecb1e59125f64f9b9765901cc6a9a222');
INSERT INTO `dict` VALUES ('user_sex_1', 'user_sex', '用户性别', '0', null, '用户性别', null);
INSERT INTO `dict` VALUES ('user_sex_f', 'F', '用户性别', '0', null, '女', 'user_sex_1');
INSERT INTO `dict` VALUES ('user_sex_m', 'M', '用户性别', '0', null, '男', 'user_sex_1');
INSERT INTO `dict` VALUES ('verified', 'verified', null, '1', null, '已审核', 'apply_enterprise_loan_status');
INSERT INTO `dict` VALUES ('waiting_verify', 'waiting_verify', null, '0', null, '等待审核', 'apply_enterprise_loan_status');
INSERT INTO `dict` VALUES ('withdraw_loan', 'withdraw_loan', null, '0', null, '借款撤标', 'ecb1e59125f64f9b9765901cc6a9a222');
INSERT INTO `dict` VALUES ('withdraw_success', 'withdraw_success', null, '0', null, '提现成功', 'ecb1e59125f64f9b9765901cc6a9a222');

-- ----------------------------
-- Records of fee_configuration
-- ----------------------------
INSERT INTO `fee_configuration` VALUES ('advance_repay_investor', 'advance_repay_investor', 'penalty', null, null, '0.015', null, '0', '1000000000', '提现还款罚金--给投资人', 'rate');
INSERT INTO `fee_configuration` VALUES ('advance_repay_system', 'advance_repay_system', 'penalty', null, null, '0.005', null, '0', '1000000000', '提现还款罚金--给系统', 'rate');
INSERT INTO `fee_configuration` VALUES ('applyLoan', 'apply_loan', 'cash_deposit', null, null, '0.02', null, '0', '100000000', '发起借款，保证金', 'rate');
INSERT INTO `fee_configuration` VALUES ('overdue_repay_investor', 'overdue_repay_investor', 'penalty', null, null, '0.015', null, '0', '100000000000000', '逾期还款罚金--给投资人', 'rate');
INSERT INTO `fee_configuration` VALUES ('overdue_repay_system', 'overdue_repay_system', 'penalty', null, null, '0.005', null, '0', '100000000000000', '逾期还款罚金--给系统', 'rate');
INSERT INTO `fee_configuration` VALUES ('recharge', 'recharge', 'factorage', null, null, '0', '50', '0', '10000000', '充值手续费', 'rate');
INSERT INTO `fee_configuration` VALUES ('transfer', 'transfer', 'factorage', null, null, '0.002', '100', '0', '10000000', '债权转让手续费', 'rate');
INSERT INTO `fee_configuration` VALUES ('withdraw', 'withdraw', 'factorage', null, null, '2', null, '0', '100000000000000', '提现手续费', 'fixed');

-- ----------------------------
-- Records of loan_type
-- ----------------------------
INSERT INTO `loan_type` VALUES ('loan_type_1', 'interest_begin_on_investa', 'day', '先付利息后还本金，按天计息，即投即生息', '1', 'month', 'rfcl', '先付利息后还本金，按天计息，即投即生息');
INSERT INTO `loan_type` VALUES ('loan_type_2', 'interest_begin_on_loan', 'month', '等额本息，按月计息，按月还款，放款后生息', '1', 'month', 'cpm', '等额本息，按月计息，按月还款，放款后生息');
INSERT INTO `loan_type` VALUES ('loan_type_3', 'interest_begin_on_loan', 'day', '先付利息后还本金，按天计息，放款后生息', '1', 'month', 'rfcl', '先付利息后还本金，按天计息，放款后生息');
INSERT INTO `loan_type` VALUES ('loan_type_4', 'interest_begin_on_loan', 'day', '到期还本付息，按天计息，放款后生息', '1', 'day', 'rlio', '到期还本付息，按天计息，放款后生息');
INSERT INTO `loan_type` VALUES ('loan_type_5', 'interest_begin_on_invest', 'day', '到期还本付息，按天计息，即投即生息', '1', 'day', 'rlio', '到期还本付息，按天计息，即投即生息');

-- ----------------------------
-- Records of url_mapping
-- ----------------------------
INSERT INTO `url_mapping` VALUES ('activefail', '/activefail', 'themepath:activefail.htm', '');
INSERT INTO `url_mapping` VALUES ('ADMIN_LOGIN', '/loginPage', 'themepath:login.htm', '管理员登录页面');
INSERT INTO `url_mapping` VALUES ('applyLoan', '/user/applyLoan/personal', 'themepath:p2p/applyLoan.htm', '申请p2p借款');
INSERT INTO `url_mapping` VALUES ('applyLoan_enterprise', '/user/applyLoan/enterprise', 'themepath:applyLoan_enterprise.htm', '企业借款申请');
INSERT INTO `url_mapping` VALUES ('applyVip', '/user/applyVIP', 'themepath:user/applyVIP.htm', '申请vip');
INSERT INTO `url_mapping` VALUES ('auto_invest', '/user/auto_invest', 'themepath:user/autoInvest.htm', '自动投标');
INSERT INTO `url_mapping` VALUES ('backList', '/backList', 'themepath:backList.htm', '黑名单列表');
INSERT INTO `url_mapping` VALUES ('bankCardadd', '/user/bankCardadd', 'themepath:user/mybankcardadd.htm', '添加银行卡');
INSERT INTO `url_mapping` VALUES ('bankCardList', '/user/bankCardList', 'themepath:user/mybankcards.htm', '银行卡列表');
INSERT INTO `url_mapping` VALUES ('bindingCard', '/user/bindingCard', 'themepath:user/mybankbinding.htm', '绑定银行卡');
INSERT INTO `url_mapping` VALUES ('bindingEmail', '/user/binding_email', 'themepath:user/binding_email.htm', '用户 -  绑定邮箱');
INSERT INTO `url_mapping` VALUES ('changeBindingEmail', '/user/change_binding_email', 'themepath:user/change_binding_email.htm', '用户 - 修改绑定邮箱');
INSERT INTO `url_mapping` VALUES ('changeBindingMobile', '/user/change_binding_mobile', 'themepath:user/change_binding_mobile.htm', '用户 -  修改绑定手机');
INSERT INTO `url_mapping` VALUES ('commentEdit', '/comment/edit/#{commentId}', 'themepath:commentEdit.htm', null);
INSERT INTO `url_mapping` VALUES ('commentReply', '/comment/reply/#{nodeId}/#{commentId}', 'themepath:commentReply.htm', null);
INSERT INTO `url_mapping` VALUES ('coordinationRate', '/user/coordinationRate', 'themepath:user/coordinationRate.htm', '协调利率');
INSERT INTO `url_mapping` VALUES ('coordinationRateLog', '/user/coordinationRateLog', 'themepath:user/coordinationRateLog.htm', '协调利率记录');
INSERT INTO `url_mapping` VALUES ('emailActiveNotice', '/email_active_notice/#{email}', 'themepath:email_active_notice.htm', '通过邮箱注册完成，提示激活页面');
INSERT INTO `url_mapping` VALUES ('error_404', '/error', 'themepath:error.htm', '404错误页面');
INSERT INTO `url_mapping` VALUES ('findCashPwd', '/user/findCashPwd', 'themepath:user/findCashPwd.htm', '找回提现密码');
INSERT INTO `url_mapping` VALUES ('findCashPwdreNew', '/user/findCashPwdreNew', 'themepath:user/findCashPwdreNew.htm', '重置提现密码');
INSERT INTO `url_mapping` VALUES ('findCashPwdsuccess', '/user/findCashPwdsuccess', 'themepath:user/findCashPwdsuccess.htm', '重置密码成功');
INSERT INTO `url_mapping` VALUES ('findPwdByEmail', '/find_pwd_by_email', 'themepath:find_pwd_by_email.htm', '通过邮箱找回密码：第一步');
INSERT INTO `url_mapping` VALUES ('findPwdByEmail2', '/find_pwd_by_email2/#{email}', 'themepath:find_pwd_by_email2.htm', '通过邮箱找回密码：第二步');
INSERT INTO `url_mapping` VALUES ('findPwdByEmail3', '/find_pwd_by_email3/#{activeCode}', 'themepath:find_pwd_by_email3.htm', '通过邮箱找回密码：第三步，输入新密码，修改');
INSERT INTO `url_mapping` VALUES ('find_login-password', '/find_login-password', 'themepath:find_login-password.htm', '找回密码引导页');
INSERT INTO `url_mapping` VALUES ('find_pwd_by_mobile', '/find_pwd_by_mobile', 'themepath:find_pwd_by_mobile.htm', '');
INSERT INTO `url_mapping` VALUES ('get_investor_permission', '/user/get_investor_permission', 'themepath:user/get_investor_permission.htm', '获取投资权限');
INSERT INTO `url_mapping` VALUES ('he-zuo-dan-bao', '/he-zuo-jia-meng', 'themepath:he-zuo-jia-meng.htm', '');
INSERT INTO `url_mapping` VALUES ('home', '/', 'themepath:index.htm?page=1', '主页');
INSERT INTO `url_mapping` VALUES ('invest-calculator', '/invest-calculator', 'themepath:investCalculator.htm', '投资计算器');
INSERT INTO `url_mapping` VALUES ('invest_transfer_list', '/it_list', 'themepath:invest_transfer_list.htm', '债权转让列表');
INSERT INTO `url_mapping` VALUES ('jifenGoodsList', '/jifenGoodsList', 'themepath:jifenGoodsList.htm', '积分商城');
INSERT INTO `url_mapping` VALUES ('letter_detail', '/user/letterdetail/#{id}', 'themepath:user/letterdetail.htm', '查看收信息');
INSERT INTO `url_mapping` VALUES ('loan-list', '/loan-list', 'themepath:loanList.htm', '借款列表');
INSERT INTO `url_mapping` VALUES ('loanDetail', '/loan/#{id}', 'themepath:loanDetail.htm', '借款详情页');
INSERT INTO `url_mapping` VALUES ('loanerAdditionInfo', '/user/loanerAdditionInfo', 'themepath:p2p/loanerAdditionInfo.htm', '');
INSERT INTO `url_mapping` VALUES ('loanerAuthentication', '/user/loanerAuthentication', 'themepath:p2p/loanerAuthentication.htm', '');
INSERT INTO `url_mapping` VALUES ('loanerPersonInfo', '/user/loanerPersonInfo', 'themepath:p2p/loanerPersonInfo.htm', '');
INSERT INTO `url_mapping` VALUES ('managemyInfo', '/user/managemyInfo', 'themepath:user/managemyInfo.htm', '认证信息管理');
INSERT INTO `url_mapping` VALUES ('memberLogin', '/memberLoginPage', 'themepath:memberLogin.htm', null);
INSERT INTO `url_mapping` VALUES ('messages', '/user/message', 'themepath:user/messages.htm', '站点消息');
INSERT INTO `url_mapping` VALUES ('mobile_articleDetail', '/mobile/articleDetail/#{id}', 'themepath:mobile/articleDetail.htm', '');
INSERT INTO `url_mapping` VALUES ('mobile_index', '/mobile', 'themepath:mobile/index.htm', '');
INSERT INTO `url_mapping` VALUES ('mobile_loanDetail', '/mobile/loanDetail/#{id}', 'themepath:mobile/loanDetail.htm', '');
INSERT INTO `url_mapping` VALUES ('mobile_loanlist', '/mobile/loanList', 'themepath:mobile/loanList.htm', '');
INSERT INTO `url_mapping` VALUES ('mobile_login', '/memberLoginMobile', 'themepath:mobile/login.htm', '');
INSERT INTO `url_mapping` VALUES ('mobile_register', '/mobile/register', 'themepath:mobile/register.htm', '');
INSERT INTO `url_mapping` VALUES ('mobile_userBill', '/mobile/user/userBill', 'themepath:mobile/user/userBill.htm', '');
INSERT INTO `url_mapping` VALUES ('mobile_userInfo', '/mobile/user/userInfo', 'themepath:mobile/user/userInfo.htm', '');
INSERT INTO `url_mapping` VALUES ('mobile_user_center', '/mobile/user/center', 'themepath:mobile/user/center.htm', '');
INSERT INTO `url_mapping` VALUES ('mobile_user_invests', '/mobile/user/invests', 'themepath:mobile/user/userInvests.htm', '');
INSERT INTO `url_mapping` VALUES ('modifypwsuccess', '/modifypwsuccess', 'themepath:modifypasswordsuccess.htm', null);
INSERT INTO `url_mapping` VALUES ('myCashFlow', '/user/myCashFlow', 'themepath:user/myCashFlow.htm', '现金流量表');
INSERT INTO `url_mapping` VALUES ('myRepayment', '/user/myRepayment/#{loanId}', 'themepath:user/myRepayments.htm', '还款');
INSERT INTO `url_mapping` VALUES ('newsinfo', '/newsinfo/#{termId}/#{nodeId}', 'themepath:news.htm', '新闻中心列表页面');
INSERT INTO `url_mapping` VALUES ('node', '/node/#{termId}/#{nodeId}', 'themepath:node.htm', '文章列表，例如：新闻');
INSERT INTO `url_mapping` VALUES ('node1', '/node/#{nodeId}', 'themepath:node-detail.htm', '文章单页');
INSERT INTO `url_mapping` VALUES ('node_app', '/node_app/#{nodeId}', 'themepath:node_app.htm', '手机端文章单页');
INSERT INTO `url_mapping` VALUES ('openAuthBiddingLogin', '/oauth_bidding', 'themepath:openAuthBiddingLogin.htm', '第三方登录绑定页面');
INSERT INTO `url_mapping` VALUES ('overdueList', '/overdueList', 'themepath:overdueList.htm', '逾期列表');
INSERT INTO `url_mapping` VALUES ('p2p_loan-list', '/p2p_loan-list', 'themepath:p2p/loanList.htm', 'p2p项目列表');
INSERT INTO `url_mapping` VALUES ('p2p_loanDetail', '/p2p_loan/#{loanId}', 'themepath:p2p/loanDetail.htm', 'p2p借款详情页');
INSERT INTO `url_mapping` VALUES ('page', '/page/#{page}', 'themepath:index.htm', '默认只有article');
INSERT INTO `url_mapping` VALUES ('product', '/product/#{id}', 'themepath:product.htm', '产品');
INSERT INTO `url_mapping` VALUES ('productHome', '/product', 'themepath:productIndex.htm?page=1', '');
INSERT INTO `url_mapping` VALUES ('productHomePage', '/product/page/#{page}', 'themepath:productIndex.htm', null);
INSERT INTO `url_mapping` VALUES ('productTerm', '/product/term/#{id}', 'themepath:productTerm.htm', null);
INSERT INTO `url_mapping` VALUES ('reActive', '/re_active', 'themepath:re_active.htm', '未激活用户登陆后，显示页面');
INSERT INTO `url_mapping` VALUES ('regActiveuser', '/activateSuccess ', 'themepath:activateSuccess.htm', null);
INSERT INTO `url_mapping` VALUES ('searchResultPage', '/search/#{key}/page/#{page}', 'themepath:result.htm', null);
INSERT INTO `url_mapping` VALUES ('term', '/term/#{termId}', 'themepath:term.htm', null);
INSERT INTO `url_mapping` VALUES ('termpage', '/term/#{termId}/page/#{page}', 'themepath:term.htm', '文章分页');
INSERT INTO `url_mapping` VALUES ('term_app', '/term_app/#{termId}', 'themepath:term_app.htm', '手机端文章列表');
INSERT INTO `url_mapping` VALUES ('user-register_by_referrer', '/user-register_by_referrer/#{referrer}', 'themepath:memberRegister.htm', '注册，有推荐人');
INSERT INTO `url_mapping` VALUES ('user-transfer-can_transfer', '/user/transfer/can-transfer', 'themepath:user/transfer/can-transfer.htm', '个人中心-我的债权-可转让的债权');
INSERT INTO `url_mapping` VALUES ('user-transfer-purchased', '/user/transfer/purchased', 'themepath:user/transfer/purchased.htm', '个人中心-我的债权-已转入的债权');
INSERT INTO `url_mapping` VALUES ('user-transfer-transfering', '/user/transfer/transfering', 'themepath:user/transfer/transfering.htm', '个人中心-我的债权-转让中的债权');
INSERT INTO `url_mapping` VALUES ('user-transfer-turned_out', '/user/transfer/turned-out', 'themepath:user/transfer/turned-out.htm', '个人中心-我的债权-已转出的债权');
INSERT INTO `url_mapping` VALUES ('userAccountSafe', '/user/accountSafe', 'themepath:user/accountSafe.htm', '用户中心 - 安全中心');
INSERT INTO `url_mapping` VALUES ('userCenter', '/user/center', 'themepath:user/center.htm', '个人中心 - 首页');
INSERT INTO `url_mapping` VALUES ('userChangeCashPassword', '/user/changeCashPassword', 'themepath:user/changeCashPassword.htm', '用户 - 修改提现密码');
INSERT INTO `url_mapping` VALUES ('userChangePassword', '/user/changePassword', 'themepath:user/changePassword.htm', '用户 - 修改密码');
INSERT INTO `url_mapping` VALUES ('userLogin', '/page/login', 'themepath:login.htm', null);
INSERT INTO `url_mapping` VALUES ('userMessageTypeSet', '/user/messageTypeSet', 'themepath:user/messageTypeSet.htm', '消息提醒设置');
INSERT INTO `url_mapping` VALUES ('userOfflineRecharge', '/user/offline-recharge', 'themepath:user/offline-recharge.htm', '线下充值');
INSERT INTO `url_mapping` VALUES ('userRecharge', '/user/recharge', 'themepath:user/recharge.htm', '用户充值');
INSERT INTO `url_mapping` VALUES ('userRegActiveuser', '/regActiveuser', 'themepath:regActiveuser.htm', null);
INSERT INTO `url_mapping` VALUES ('userRegister', '/register', 'themepath:memberRegister.htm', null);
INSERT INTO `url_mapping` VALUES ('userRegisterFromThirdPart', '/register/#{username}', 'themepath:register.htm', '');
INSERT INTO `url_mapping` VALUES ('userRegisterTwo', '/registertwo', 'themepath:registerdetail.htm', null);
INSERT INTO `url_mapping` VALUES ('userRegSuccess', '/regSuccess', 'themepath:regsuccess.htm', null);
INSERT INTO `url_mapping` VALUES ('userSendLetter', '/user/sendLetter', 'themepath:user/sendLetter.htm', '用户 - 写信');
INSERT INTO `url_mapping` VALUES ('userThirdPartyAccountBinding', '/user/thirdPartyAccountBinding', 'themepath:user/thirdPartyAccountBinding.htm', '用户中心 - 第三方账号绑定');
INSERT INTO `url_mapping` VALUES ('user_invest-contract', '/user/invest-contract/#{investId}', 'themepath:user/invest_contract.htm', '个人投资合同');
INSERT INTO `url_mapping` VALUES ('user_invest_bidding', '/user/invest/bidding', 'themepath:user/invest/bidding.htm', '个人中心-正在投标的列表');
INSERT INTO `url_mapping` VALUES ('user_invest_fail', '/user/invest/fail', 'themepath:user/invest/fail.htm', '个人中心-投标失败的列表');
INSERT INTO `url_mapping` VALUES ('user_invest_finished', '/user/invest/finished', 'themepath:user/invest/finished.htm', '个人中心-已完成投资列表');
INSERT INTO `url_mapping` VALUES ('user_invest_repaying', '/user/invest/repaying', 'themepath:user/invest/repaying.htm', '个人中心-还款中投资列表');
INSERT INTO `url_mapping` VALUES ('user_loan-contract', '/user/loan-contract/#{loanId}', 'themepath:user/loan_contract.htm', '个人借款合同');
INSERT INTO `url_mapping` VALUES ('user_loan_applying-p2c', '/user/loan/applying-p2c', 'themepath:user/loan/applying-p2c.htm', '个人中心-申请中的企业借款列表');
INSERT INTO `url_mapping` VALUES ('user_loan_applying-p2p', '/user/loan/applying-p2p', 'themepath:user/loan/applying-p2p.htm', '个人中心-申请中的个人借款列表');
INSERT INTO `url_mapping` VALUES ('user_loan_fail', '/user/loan/fail', 'themepath:user/loan/fail.htm', '个人中心-失败的借款列表');
INSERT INTO `url_mapping` VALUES ('user_loan_finished', '/user/loan/finished', 'themepath:user/loan/finished.htm', '个人中心-已完成借款列表');
INSERT INTO `url_mapping` VALUES ('user_loan_raising', '/user/loan/raising', 'themepath:user/loan/raising.htm', '个人中心-筹款中的借款列表');
INSERT INTO `url_mapping` VALUES ('user_loan_repaying', '/user/loan/repaying', 'themepath:user/loan/repaying.htm', '个人中心-还款中的借款列表');
INSERT INTO `url_mapping` VALUES ('user_my-point-history', '/user/my-point-history', 'themepath:user/my_point_history.htm', '个人中心-我的积分');
INSERT INTO `url_mapping` VALUES ('user_my-presentee', '/user/my-presentee', 'themepath:user/my_presentee.htm', '个人中心-我的推荐信息');
INSERT INTO `url_mapping` VALUES ('user_myInBox.xhtml', '/user/myInBox', 'themepath:user/myInBox.htm', '用户 - 收信箱');
INSERT INTO `url_mapping` VALUES ('user_mySendBox', '/user/mySendBox', 'themepath:user/mySendBox.htm', '用户 - 发信箱');
INSERT INTO `url_mapping` VALUES ('verifyLoan', '/verify/applyLoan/#{id}', 'themepath:applyLoan.htm', '审核贷款申请');
INSERT INTO `url_mapping` VALUES ('verify_loanerAdditionInfo', '/verify/loanerAdditionInfo/#{id}', 'themepath:loanerAdditionInfo.htm', '');
INSERT INTO `url_mapping` VALUES ('verify_loanerAuthentication', '/verify/loanerAuthentication/#{id}', 'themepath:loanerAuthentication.htm', '');
INSERT INTO `url_mapping` VALUES ('verify_loanerPersonInfo', '/verify/loanerPersonInfo/#{id}', 'themepath:loanerPersonInfo.htm', null);
INSERT INTO `url_mapping` VALUES ('withdraw', '/user/withdraw', 'themepath:user/withdraw.htm', '提现');

-- ----------------------------
-- Records of user_message_node
-- ----------------------------
INSERT INTO `user_message_node` VALUES ('binding_email', '#{username}：用户名\r\n#{time}：时间\r\n#{authCode}：认证码', '绑定邮箱', '开启');
INSERT INTO `user_message_node` VALUES ('binding_mobile_number', '#{username}：用户名\r\n#{time}：时间\r\n#{authCode}：认证码', '绑定手机号', '开启');
INSERT INTO `user_message_node` VALUES ('change_binding_email', '#{username}：用户名\r\n#{time}：时间\r\n#{authCode}：认证码', '修改绑定邮箱', '开启');
INSERT INTO `user_message_node` VALUES ('change_binding_mobile_number', '#{username}：用户名\r\n#{time}：时间\r\n#{authCode}：认证码', '修改绑定手机号', '开启');
INSERT INTO `user_message_node` VALUES ('find_login_password_by_email', '#{username}：用户名\r\n#{time}：时间\r\n#{reset_password_url}：重置密码链接', '通过邮箱找回登录密码', '开启');
INSERT INTO `user_message_node` VALUES ('find_login_password_by_mobile', '#{time}：时间\r\n#{authCode}：认证码', '通过手机找回密码', '开启');
INSERT INTO `user_message_node` VALUES ('recharge_success', '#{time}：时间 \r\n#{rechargeId}：充值编号\r\n#{username}：用户名\r\n#{money}：充值金额', '充值成功', '开启');
INSERT INTO `user_message_node` VALUES ('register_active', '#{username}：用户名\r\n#{time}：注册时间\r\n#{active_url}：激活链接', '注册完成后激活', '开启');
INSERT INTO `user_message_node` VALUES ('register_by_mobile_number', '#{time}：时间 \r\n#{authCode}：认证码', '通过手机注册', '开启');
INSERT INTO `user_message_node` VALUES ('repay_alert', '#{username}：用户名 \r\n#{loanName}：借款名称\r\n#{days}：几天后到还款期', '还款提醒', '开启');

-- ----------------------------
-- Records of user_message_template
-- ----------------------------
INSERT INTO `user_message_template` VALUES ('binding_email_email', '', '绑定邮箱', '必须', '<p>绑定邮箱，认证码：<span id=\"form:nodeDescription\" style=\"**word-wrap:break-word;\">#{authCode}</span></p>', 'binding_email', 'email');
INSERT INTO `user_message_template` VALUES ('binding_mobile_number_sms', '', '绑定手机号', '必须', '绑定手机，验证码：#{authCode}【金鼎海汇】', 'binding_mobile_number', 'sms');
INSERT INTO `user_message_template` VALUES ('change_binding_email_email', '', '修改绑定邮箱', '必须', '<p><span style=\"color: rgb(0, 0, 0); font-family: sans-serif; font-size: 16px; font-style: normal; font-variant: normal; font-weight: normal; letter-spacing: normal; line-height: normal; orphans: auto; text-align: start; text-indent: 0px; text-transform: none; white-space: normal; widows: auto; word-spacing: 0px; -webkit-text-stroke-width: 0px; display: inline !important; float: none;\">修改绑定邮箱，认证码：</span><span id=\"form:nodeDescription\" style=\"color: rgb(0, 0, 0); font-family: sans-serif; font-size: 16px; font-style: normal; font-variant: normal; font-weight: normal; letter-spacing: normal; line-height: normal; orphans: auto; text-align: start; text-indent: 0px; text-transform: none; white-space: normal; widows: auto; word-spacing: 0px; -webkit-text-stroke-width: 0px;\">#{authCode}</span></p>', 'change_binding_email', 'email');
INSERT INTO `user_message_template` VALUES ('change_binding_mobile_number_sms', '', '修改绑定手机号', '必须', '修改绑定手机号，验证码：#{authCode}【金鼎海汇】', 'change_binding_mobile_number', 'sms');
INSERT INTO `user_message_template` VALUES ('find_login_password_by_email_email', '', '通过邮箱找回登录密码', '必须', '<p>找回登录密码，<a title=\"重置登录密码\" target=\"_blank\" href=\"#{reset_password_url}\">点击此处重置登录密码</a><br/><br/></p><p>金鼎p2p<br/></p>', 'find_login_password_by_email', 'email');
INSERT INTO `user_message_template` VALUES ('find_login_password_by_mobile_sms', '', '通过手机找回密码--短信', '必须', '验证码：#{authCode}    时间：#{time}【金鼎海汇】', 'find_login_password_by_mobile', 'sms');
INSERT INTO `user_message_template` VALUES ('recharge_success_sms', '', '充值成功短信提醒', '可选', '尊敬的用户#{username}，您好！\r\n您于#{time}充值成功，金额：#{money}，编号：#{rechargeId}【金鼎海汇】', 'recharge_success', 'sms');
INSERT INTO `user_message_template` VALUES ('register_active_email', '', '注册邮箱激活', '必须', '<p class=\"1\" style=\"line-height:130%\"><span style=\"font-family:&#39;heiti sc light&#39;,&#39;serif&#39;\">尊敬的用户</span><span style=\"color:#f41200\">#{username}</span>,<span style=\"font-family:&#39;heiti sc light&#39;,&#39;serif&#39;\">您好</span>!</p><p class=\"A0\" style=\"line-height:130%;margin-bottom:16px;\"><span style=\"color:#000082\"> &nbsp; &nbsp; &nbsp; </span><span style=\"font-family:&#39;heiti sc light&#39;,&#39;serif&#39;\">感谢您于#{time}</span><span style=\"font-family:&#39;heiti sc light&#39;,&#39;serif&#39;\">注册金鼎p2p网络借贷平台！</span></p><p class=\"A0\" style=\"line-height:130%;margin-bottom:16px;\">&nbsp; <span style=\"font-family:&#39;heiti sc light&#39;,&#39;serif&#39;\">请点击以下链接激活账号</span>:</p><p class=\"A0\" style=\"line-height: 130%; margin-bottom: 16px;\">&nbsp; <a title=\"新用户激活\" target=\"_blank\" href=\"#{active_url}\">#{active_url}</a></p>', 'register_active', 'email');
INSERT INTO `user_message_template` VALUES ('register_by_mobile_number_sms', '', '通过手机注册-发短信', '必须', '认证码：#{authCode}   时间：#{time}【金鼎海汇】', 'register_by_mobile_number', 'sms');
INSERT INTO `user_message_template` VALUES ('repay_alert_sms', '', '还款提醒-发短信', '必须', '尊敬的用户#{username}：您好！您有一笔还款将于#{days}天后到期，请及时还款。【金鼎海汇】', 'repay_alert', 'sms');
-- -------------------------------
-- records of menu and type is Management
-- ------------------------------
INSERT INTO `menu` (`id`, `type`, `label`, `url`, `pid`, `enable`, `seq_num`, `description`, `expanded`, `language`, `target`, `icon`) VALUES ('admin_index', 'Management', '系统主页', '', NULL, '1', -2, '', '1', '*', '_self', '');
INSERT INTO `menu` (`id`, `type`, `label`, `url`, `pid`, `enable`, `seq_num`, `description`, `expanded`, `language`, `target`, `icon`) VALUES ('ads_mgr', 'Management', '广告配置', '', 'system_config', '1', 2, '', '1', '*', '_self', '');
INSERT INTO `menu` (`id`, `type`, `label`, `url`, `pid`, `enable`, `seq_num`, `description`, `expanded`, `language`, `target`, `icon`) VALUES ('app_info', 'Management', '系统信息', '/admin/index.htm', 'my_work', '1', 0, '', '1', '*', '_self', '');
INSERT INTO `menu` (`id`, `type`, `label`, `url`, `pid`, `enable`, `seq_num`, `description`, `expanded`, `language`, `target`, `icon`) VALUES ('auto_invest_config', 'Management', '自动投标配置', '/admin/config/config.htm?id=auto_invest', 'business_config', '1', 8, '', '1', '*', '_self', '');
INSERT INTO `menu` (`id`, `type`, `label`, `url`, `pid`, `enable`, `seq_num`, `description`, `expanded`, `language`, `target`, `icon`) VALUES ('banner_list', 'Management', '广告管理', '/admin/banner/bannerList.htm', 'ads_mgr', '1', 0, '', '1', '*', '_self', '');
INSERT INTO `menu` (`id`, `type`, `label`, `url`, `pid`, `enable`, `seq_num`, `description`, `expanded`, `language`, `target`, `icon`) VALUES ('bill_check_mgr', 'Management', '系统对账', '', 'finance_mgr', '1', 4, '', '1', '*', '_self', '');
INSERT INTO `menu` (`id`, `type`, `label`, `url`, `pid`, `enable`, `seq_num`, `description`, `expanded`, `language`, `target`, `icon`) VALUES ('bill_mgr', 'Management', '资金管理', '', 'finance_mgr', '1', 2, '', '1', '*', '_self', '');
INSERT INTO `menu` (`id`, `type`, `label`, `url`, `pid`, `enable`, `seq_num`, `description`, `expanded`, `language`, `target`, `icon`) VALUES ('business_config', 'Management', '业务参数配置', '', 'system_config', '1', 4, '', '1', '*', '_self', '');
INSERT INTO `menu` (`id`, `type`, `label`, `url`, `pid`, `enable`, `seq_num`, `description`, `expanded`, `language`, `target`, `icon`) VALUES ('category_term_list', 'Management', '文章分类', '/admin/term/categoryTermList.htm', 'node_mgr_2', '1', 2, '', '1', '*', '_self', '');
INSERT INTO `menu` (`id`, `type`, `label`, `url`, `pid`, `enable`, `seq_num`, `description`, `expanded`, `language`, `target`, `icon`) VALUES ('checkBalance', 'Management', '余额查询', '/admin/ipsPayCheckBalance/ipsPayCheckBalance.htm', 'bill_check_mgr', '1', 0, '', '1', '*', '_self', '');
INSERT INTO `menu` (`id`, `type`, `label`, `url`, `pid`, `enable`, `seq_num`, `description`, `expanded`, `language`, `target`, `icon`) VALUES ('config_list', 'Management', '配置管理', '/admin/config/configList.htm', 'config_mgr', '1', 2, '', '1', '*', '_self', '');
INSERT INTO `menu` (`id`, `type`, `label`, `url`, `pid`, `enable`, `seq_num`, `description`, `expanded`, `language`, `target`, `icon`) VALUES ('config_mgr', 'Management', '配置管理', '', 'system_config', '1', 6, '', '1', '*', '_self', '');
INSERT INTO `menu` (`id`, `type`, `label`, `url`, `pid`, `enable`, `seq_num`, `description`, `expanded`, `language`, `target`, `icon`) VALUES ('config_type_list', 'Management', '配置分类', '/admin/config/configTypeList.htm', 'config_mgr', '1', 0, '', '1', '*', '_self', '');
INSERT INTO `menu` (`id`, `type`, `label`, `url`, `pid`, `enable`, `seq_num`, `description`, `expanded`, `language`, `target`, `icon`) VALUES ('contract_list', 'Management', '生成合同管理', '/admin/index.htm', 'contract_mgr', '1', 0, '', '1', '*', '_self', '');
INSERT INTO `menu` (`id`, `type`, `label`, `url`, `pid`, `enable`, `seq_num`, `description`, `expanded`, `language`, `target`, `icon`) VALUES ('contract_mgr', 'Management', '合同管理', '', 'loan_mgr', '1', 6, '', '1', '*', '_self', '');
INSERT INTO `menu` (`id`, `type`, `label`, `url`, `pid`, `enable`, `seq_num`, `description`, `expanded`, `language`, `target`, `icon`) VALUES ('contract_template_list', 'Management', '合同模板管理', '/admin/node/nodeList.htm?termId=contract', 'contract_mgr', '1', 2, '', '1', '*', '_self', '');
INSERT INTO `menu` (`id`, `type`, `label`, `url`, `pid`, `enable`, `seq_num`, `description`, `expanded`, `language`, `target`, `icon`) VALUES ('coupon_mgr', 'Management', '投资券管理', '', 'marketing_mgr', '1', 4, '', '1', '*', '_self', '');
INSERT INTO `menu` (`id`, `type`, `label`, `url`, `pid`, `enable`, `seq_num`, `description`, `expanded`, `language`, `target`, `icon`) VALUES ('credit_list', 'Management', '债权管理', '/admin/loan/creditList.htm', 'credit_mgr', '0', 2, '', '1', '*', '_self', '');
INSERT INTO `menu` (`id`, `type`, `label`, `url`, `pid`, `enable`, `seq_num`, `description`, `expanded`, `language`, `target`, `icon`) VALUES ('credit_mgr', 'Management', '债权管理', '', 'loan_mgr', '1', 0, '', '1', '*', '_self', '');
INSERT INTO `menu` (`id`, `type`, `label`, `url`, `pid`, `enable`, `seq_num`, `description`, `expanded`, `language`, `target`, `icon`) VALUES ('credit_rating_log_list', 'Management', '信用评级更改记录', '/admin/verify/creditRatingLogList.htm', 'user_mgr_2', '1', 4, '', '1', '*', '_self', '');
INSERT INTO `menu` (`id`, `type`, `label`, `url`, `pid`, `enable`, `seq_num`, `description`, `expanded`, `language`, `target`, `icon`) VALUES ('dict_list', 'Management', '数据字典管理', '/admin/system/dictList.htm', 'global_config', '1', 4, '系统所用的数据字典', '1', '*', '_self', '');
INSERT INTO `menu` (`id`, `type`, `label`, `url`, `pid`, `enable`, `seq_num`, `description`, `expanded`, `language`, `target`, `icon`) VALUES ('enterprise_loan_apply_list', 'Management', '企业借款申请列表', '/admin/loan/applyEnterpriseLoanList.htm', 'loan_mgr_2', '1', 18, '', '1', '*', '_self', '');
INSERT INTO `menu` (`id`, `type`, `label`, `url`, `pid`, `enable`, `seq_num`, `description`, `expanded`, `language`, `target`, `icon`) VALUES ('fee_config', 'Management', '费率配置', '/admin/risk/feeConfigList.htm', 'business_config', '1', 5, '', '1', '*', '_self', '');
INSERT INTO `menu` (`id`, `type`, `label`, `url`, `pid`, `enable`, `seq_num`, `description`, `expanded`, `language`, `target`, `icon`) VALUES ('finance_mgr', 'Management', '财务管理', '', NULL, '1', 4, '', '1', '*', '_self', '');
INSERT INTO `menu` (`id`, `type`, `label`, `url`, `pid`, `enable`, `seq_num`, `description`, `expanded`, `language`, `target`, `icon`) VALUES ('global_config', 'Management', '全局配置', '', 'system_config', '1', 0, '', '1', '*', '_self', '');
INSERT INTO `menu` (`id`, `type`, `label`, `url`, `pid`, `enable`, `seq_num`, `description`, `expanded`, `language`, `target`, `icon`) VALUES ('guarantee_company_list', 'Management', '担保公司管理', '/admin/node/nodeList.htm?termId=guaranteeCompany', 'loan_mgr_2', '1', 19, '', '1', '*', '_self', '');
INSERT INTO `menu` (`id`, `type`, `label`, `url`, `pid`, `enable`, `seq_num`, `description`, `expanded`, `language`, `target`, `icon`) VALUES ('investment_list', 'Management', '项目投资明细表', '/admin/loan/investmentInfoList.htm', 'loan_mgr_2', '1', 14, '', '1', '*', '_self', '');
INSERT INTO `menu` (`id`, `type`, `label`, `url`, `pid`, `enable`, `seq_num`, `description`, `expanded`, `language`, `target`, `icon`) VALUES ('invest_transfer_config', 'Management', '债权转让配置', '/admin/config/config.htm?id=invest_transfer', 'business_config', '1', 6, '', '1', '*', '_self', '');
INSERT INTO `menu` (`id`, `type`, `label`, `url`, `pid`, `enable`, `seq_num`, `description`, `expanded`, `language`, `target`, `icon`) VALUES ('language_list', 'Management', '语言配置', '/admin/language/languageList.htm', 'global_config', '1', 2, '', '1', '*', '_self', '');
INSERT INTO `menu` (`id`, `type`, `label`, `url`, `pid`, `enable`, `seq_num`, `description`, `expanded`, `language`, `target`, `icon`) VALUES ('link_list', 'Management', '友情链接管理', '/admin/link/linkList.htm', 'ads_mgr', '1', 2, '', '1', '*', '_self', '');
INSERT INTO `menu` (`id`, `type`, `label`, `url`, `pid`, `enable`, `seq_num`, `description`, `expanded`, `language`, `target`, `icon`) VALUES ('link_type_list', 'Management', '链接分类管理', '/admin/link/linkTypeList.htm', 'ads_mgr', '1', 4, '', '1', '*', '_self', '');
INSERT INTO `menu` (`id`, `type`, `label`, `url`, `pid`, `enable`, `seq_num`, `description`, `expanded`, `language`, `target`, `icon`) VALUES ('loan-type_list', 'Management', '借款类型列表', '/admin/loan/loanTypeList.htm', 'business_config', '1', 10, '', '1', '*', '_self', '');
INSERT INTO `menu` (`id`, `type`, `label`, `url`, `pid`, `enable`, `seq_num`, `description`, `expanded`, `language`, `target`, `icon`) VALUES ('loaner_list', 'Management', '借款人审核/评级', '/admin/user/verifyLoanerList.htm', 'user_mgr_2', '1', 2, '', '1', '*', '_self', '');
INSERT INTO `menu` (`id`, `type`, `label`, `url`, `pid`, `enable`, `seq_num`, `description`, `expanded`, `language`, `target`, `icon`) VALUES ('loan_add', 'Management', '发起借款', '/admin/loan/loanAdd.htm', 'loan_mgr_2', '1', 20, '', '1', '*', '_self', '');
INSERT INTO `menu` (`id`, `type`, `label`, `url`, `pid`, `enable`, `seq_num`, `description`, `expanded`, `language`, `target`, `icon`) VALUES ('loan_comment_list', 'Management', '项目评论管理', '/admin/comment/commentList.htm', 'loan_comment_mgr', '1', 0, '', '1', '*', '_self', '');
INSERT INTO `menu` (`id`, `type`, `label`, `url`, `pid`, `enable`, `seq_num`, `description`, `expanded`, `language`, `target`, `icon`) VALUES ('loan_comment_mgr', 'Management', '项目评论管理', '', 'loan_mgr', '1', 2, '', '1', '*', '_self', '');
INSERT INTO `menu` (`id`, `type`, `label`, `url`, `pid`, `enable`, `seq_num`, `description`, `expanded`, `language`, `target`, `icon`) VALUES ('loan_list', 'Management', '所有的借款', '/admin/loan/loanList.htm', 'loan_mgr_2', '1', -2, '', '1', '*', '_self', '');
INSERT INTO `menu` (`id`, `type`, `label`, `url`, `pid`, `enable`, `seq_num`, `description`, `expanded`, `language`, `target`, `icon`) VALUES ('loan_list_cancel', 'Management', '已经流标的借款', '/admin/loan/loanList.htm?loanStatus=cancel', 'loan_mgr_2', '1', 10, '', '1', '*', '_self', '');
INSERT INTO `menu` (`id`, `type`, `label`, `url`, `pid`, `enable`, `seq_num`, `description`, `expanded`, `language`, `target`, `icon`) VALUES ('loan_list_complete', 'Management', '完成还款的借款', '/admin/loan/loanList.htm?loanStatus=complete', 'loan_mgr_2', '1', 8, '', '1', '*', '_self', '');
INSERT INTO `menu` (`id`, `type`, `label`, `url`, `pid`, `enable`, `seq_num`, `description`, `expanded`, `language`, `target`, `icon`) VALUES ('loan_list_raising', 'Management', '筹款中的借款', '/admin/loan/loanList.htm?loanStatus=raising', 'loan_mgr_2', '1', 2, '', '1', '*', '_self', '');
INSERT INTO `menu` (`id`, `type`, `label`, `url`, `pid`, `enable`, `seq_num`, `description`, `expanded`, `language`, `target`, `icon`) VALUES ('loan_list_recheck', 'Management', '复审的借款', '/admin/loan/loanList.htm?loanStatus=recheck', 'loan_mgr_2', '1', 4, '', '1', '*', '_self', '');
INSERT INTO `menu` (`id`, `type`, `label`, `url`, `pid`, `enable`, `seq_num`, `description`, `expanded`, `language`, `target`, `icon`) VALUES ('loan_list_repaying', 'Management', '还款中的借款', '/admin/loan/loanList.htm?loanStatus=repaying', 'loan_mgr_2', '1', 6, '', '1', '*', '_self', '');
INSERT INTO `menu` (`id`, `type`, `label`, `url`, `pid`, `enable`, `seq_num`, `description`, `expanded`, `language`, `target`, `icon`) VALUES ('loan_list_waiting_verify', 'Management', '初审的借款', '/admin/loan/loanList.htm?loanStatus=waiting_verify', 'loan_mgr_2', '1', 0, '', '1', '*', '_self', '');
INSERT INTO `menu` (`id`, `type`, `label`, `url`, `pid`, `enable`, `seq_num`, `description`, `expanded`, `language`, `target`, `icon`) VALUES ('loan_mgr', 'Management', '项目管理', '', NULL, '1', 0, '', '1', '*', '_self', '');
INSERT INTO `menu` (`id`, `type`, `label`, `url`, `pid`, `enable`, `seq_num`, `description`, `expanded`, `language`, `target`, `icon`) VALUES ('loan_mgr_2', 'Management', '借款管理', '', 'loan_mgr', '1', -2, '', '1', '*', '_self', '');
INSERT INTO `menu` (`id`, `type`, `label`, `url`, `pid`, `enable`, `seq_num`, `description`, `expanded`, `language`, `target`, `icon`) VALUES ('loan_overdue', 'Management', '逾期的借款', '/admin/loan/loanList.htm?loanStatus=overdue', 'loan_mgr_2', '1', 12, '', '1', '*', '_self', '');
INSERT INTO `menu` (`id`, `type`, `label`, `url`, `pid`, `enable`, `seq_num`, `description`, `expanded`, `language`, `target`, `icon`) VALUES ('mail_config', 'Management', '邮件配置', '/admin/config/config.htm?id=mail', 'business_config', '1', 2, '', '1', '*', '_self', '');
INSERT INTO `menu` (`id`, `type`, `label`, `url`, `pid`, `enable`, `seq_num`, `description`, `expanded`, `language`, `target`, `icon`) VALUES ('marketing_mgr', 'Management', '营销管理', '', NULL, '1', 12, '', '1', '*', '_self', '');
INSERT INTO `menu` (`id`, `type`, `label`, `url`, `pid`, `enable`, `seq_num`, `description`, `expanded`, `language`, `target`, `icon`) VALUES ('menu_list', 'Management', '菜单管理', '/admin/menu/menuList.htm', 'menu_mgr_2', '1', 0, '', '1', '*', '_self', '');
INSERT INTO `menu` (`id`, `type`, `label`, `url`, `pid`, `enable`, `seq_num`, `description`, `expanded`, `language`, `target`, `icon`) VALUES ('menu_mgr', 'Management', '菜单管理', '', NULL, '1', 6, '', '1', '*', '_self', '');
INSERT INTO `menu` (`id`, `type`, `label`, `url`, `pid`, `enable`, `seq_num`, `description`, `expanded`, `language`, `target`, `icon`) VALUES ('menu_mgr_2', 'Management', '菜单管理', '', 'menu_mgr', '1', 0, '', '1', '*', '_self', '');
INSERT INTO `menu` (`id`, `type`, `label`, `url`, `pid`, `enable`, `seq_num`, `description`, `expanded`, `language`, `target`, `icon`) VALUES ('menu_type_list', 'Management', '菜单类型', '/admin/menu/menuTypeList.htm', 'menu_mgr_2', '1', 4, '', '1', '*', '_self', '');
INSERT INTO `menu` (`id`, `type`, `label`, `url`, `pid`, `enable`, `seq_num`, `description`, `expanded`, `language`, `target`, `icon`) VALUES ('my_menus', 'Management', '我的常用功能', '', 'admin_index', '1', 2, '', '1', '*', '_self', '');
INSERT INTO `menu` (`id`, `type`, `label`, `url`, `pid`, `enable`, `seq_num`, `description`, `expanded`, `language`, `target`, `icon`) VALUES ('my_work', 'Management', '我的工作台', '', 'admin_index', '1', 0, '', '1', '*', '_self', '');
INSERT INTO `menu` (`id`, `type`, `label`, `url`, `pid`, `enable`, `seq_num`, `description`, `expanded`, `language`, `target`, `icon`) VALUES ('node_list', 'Management', '文章管理', '/admin/node/nodeList.htm', 'node_mgr_2', '1', 0, '', '1', '*', '_self', '');
INSERT INTO `menu` (`id`, `type`, `label`, `url`, `pid`, `enable`, `seq_num`, `description`, `expanded`, `language`, `target`, `icon`) VALUES ('node_mgr', 'Management', '文章管理', '', NULL, '1', 8, '', '1', '*', '_self', '');
INSERT INTO `menu` (`id`, `type`, `label`, `url`, `pid`, `enable`, `seq_num`, `description`, `expanded`, `language`, `target`, `icon`) VALUES ('node_mgr_2', 'Management', '文章管理', '', 'node_mgr', '1', 0, '', '1', '*', '_self', '');
INSERT INTO `menu` (`id`, `type`, `label`, `url`, `pid`, `enable`, `seq_num`, `description`, `expanded`, `language`, `target`, `icon`) VALUES ('permission_list', 'Management', '权限管理', '/admin/user/permissionList.htm', 'permission_mgr', '1', 2, '', '1', '*', '_self', '');
INSERT INTO `menu` (`id`, `type`, `label`, `url`, `pid`, `enable`, `seq_num`, `description`, `expanded`, `language`, `target`, `icon`) VALUES ('permission_mgr', 'Management', '权限管理', '', 'security_mgr', '1', 0, '', '1', '*', '_self', '');
INSERT INTO `menu` (`id`, `type`, `label`, `url`, `pid`, `enable`, `seq_num`, `description`, `expanded`, `language`, `target`, `icon`) VALUES ('point_mgr', 'Management', '积分管理', '', 'marketing_mgr', '1', 0, '', '1', '*', '_self', '');
INSERT INTO `menu` (`id`, `type`, `label`, `url`, `pid`, `enable`, `seq_num`, `description`, `expanded`, `language`, `target`, `icon`) VALUES ('recharge_list', 'Management', '充值记录', '/admin/recharge/rechargeList.htm', 'recharge_withdraw_mgr', '1', 0, '', '1', '*', '_self', '');
INSERT INTO `menu` (`id`, `type`, `label`, `url`, `pid`, `enable`, `seq_num`, `description`, `expanded`, `language`, `target`, `icon`) VALUES ('recharge_withdraw_mgr', 'Management', '充值提现', '', 'finance_mgr', '1', 0, '', '1', '*', '_self', '');
INSERT INTO `menu` (`id`, `type`, `label`, `url`, `pid`, `enable`, `seq_num`, `description`, `expanded`, `language`, `target`, `icon`) VALUES ('referee', 'Management', '推荐人管理', '/admin/user/refereeList.htm', 'user_mgr_2', '1', 7, '', '1', '*', '_self', '');
INSERT INTO `menu` (`id`, `type`, `label`, `url`, `pid`, `enable`, `seq_num`, `description`, `expanded`, `language`, `target`, `icon`) VALUES ('referee_list', 'Management', '推荐报表', '/admin/user/refereeList.htm', 'referee_mgr', '1', 0, '', '1', '*', '_self', '');
INSERT INTO `menu` (`id`, `type`, `label`, `url`, `pid`, `enable`, `seq_num`, `description`, `expanded`, `language`, `target`, `icon`) VALUES ('referee_mgr', 'Management', '推荐管理', '', 'marketing_mgr', '1', 2, '', '1', '*', '_self', '');
INSERT INTO `menu` (`id`, `type`, `label`, `url`, `pid`, `enable`, `seq_num`, `description`, `expanded`, `language`, `target`, `icon`) VALUES ('repayment_list', 'Management', '项目还款明细表', '/admin/loan/repaymentInfoList.htm', 'loan_mgr_2', '1', 16, '', '1', '*', '_self', '');
INSERT INTO `menu` (`id`, `type`, `label`, `url`, `pid`, `enable`, `seq_num`, `description`, `expanded`, `language`, `target`, `icon`) VALUES ('risk_reserve_list', 'Management', '风险保障金', '/admin/fund/riskReserveList.htm', 'bill_mgr', '1', 4, '', '1', '*', '_self', '');
INSERT INTO `menu` (`id`, `type`, `label`, `url`, `pid`, `enable`, `seq_num`, `description`, `expanded`, `language`, `target`, `icon`) VALUES ('role_list', 'Management', '角色管理', '/admin/user/roleList.htm', 'permission_mgr', '1', 0, '', '1', '*', '_self', '');
INSERT INTO `menu` (`id`, `type`, `label`, `url`, `pid`, `enable`, `seq_num`, `description`, `expanded`, `language`, `target`, `icon`) VALUES ('safe_config', 'Management', '安全配置', '', 'security_mgr', '1', 2, '', '1', '*', '_self', '');
INSERT INTO `menu` (`id`, `type`, `label`, `url`, `pid`, `enable`, `seq_num`, `description`, `expanded`, `language`, `target`, `icon`) VALUES ('security_mgr', 'Management', '安全管理', '', NULL, '1', 10, '', '1', '*', '_self', '');
INSERT INTO `menu` (`id`, `type`, `label`, `url`, `pid`, `enable`, `seq_num`, `description`, `expanded`, `language`, `target`, `icon`) VALUES ('site_config', 'Management', '站点配置', '/admin/config/config.htm?id=basic', 'global_config', '1', 0, '', '1', '*', '_self', '');
INSERT INTO `menu` (`id`, `type`, `label`, `url`, `pid`, `enable`, `seq_num`, `description`, `expanded`, `language`, `target`, `icon`) VALUES ('system_audit', 'Management', '系统审计', '', 'security_mgr', '1', 4, '', '1', '*', '_self', '');
INSERT INTO `menu` (`id`, `type`, `label`, `url`, `pid`, `enable`, `seq_num`, `description`, `expanded`, `language`, `target`, `icon`) VALUES ('system_bill_list', 'Management', '系统收益账户', '/admin/fund/systemBillList.htm', 'bill_mgr', '1', 2, '', '1', '*', '_self', '');
INSERT INTO `menu` (`id`, `type`, `label`, `url`, `pid`, `enable`, `seq_num`, `description`, `expanded`, `language`, `target`, `icon`) VALUES ('system_config', 'Management', '系统设置', '', NULL, '1', 14, '', '1', '*', '_self', '');
INSERT INTO `menu` (`id`, `type`, `label`, `url`, `pid`, `enable`, `seq_num`, `description`, `expanded`, `language`, `target`, `icon`) VALUES ('system_refresh', 'Management', '系统刷新', '/admin/system/refresh.htm', 'system_util_1', '1', 0, '', '1', '*', '_self', '');
INSERT INTO `menu` (`id`, `type`, `label`, `url`, `pid`, `enable`, `seq_num`, `description`, `expanded`, `language`, `target`, `icon`) VALUES ('system_util', 'Management', '系统工具', '', NULL, '1', 16, '', '1', '*', '_self', '');
INSERT INTO `menu` (`id`, `type`, `label`, `url`, `pid`, `enable`, `seq_num`, `description`, `expanded`, `language`, `target`, `icon`) VALUES ('system_util_1', 'Management', '系统工具', '', 'system_util', '1', 0, '', '1', '*', '_self', '');
INSERT INTO `menu` (`id`, `type`, `label`, `url`, `pid`, `enable`, `seq_num`, `description`, `expanded`, `language`, `target`, `icon`) VALUES ('url_mapping_list', 'Management', 'UrlMapping', '/admin/urlMapping/urlMappingList.htm', 'menu_mgr_2', '1', 2, '', '1', '*', '_self', '');
INSERT INTO `menu` (`id`, `type`, `label`, `url`, `pid`, `enable`, `seq_num`, `description`, `expanded`, `language`, `target`, `icon`) VALUES ('userPointList', 'Management', '积分管理', '/admin/user/userPointHistoryList.htm', 'point_mgr', '1', 0, '', '1', '*', '_self', '');
INSERT INTO `menu` (`id`, `type`, `label`, `url`, `pid`, `enable`, `seq_num`, `description`, `expanded`, `language`, `target`, `icon`) VALUES ('user_bill_list', 'Management', '用户帐户资金', '/admin/fund/userBillList.htm', 'bill_mgr', '1', 0, '', '1', '*', '_self', '');
INSERT INTO `menu` (`id`, `type`, `label`, `url`, `pid`, `enable`, `seq_num`, `description`, `expanded`, `language`, `target`, `icon`) VALUES ('user_list', 'Management', '用户管理', '/admin/user/userList.htm', 'user_mgr_2', '1', 0, '', '1', '*', '_self', '');
INSERT INTO `menu` (`id`, `type`, `label`, `url`, `pid`, `enable`, `seq_num`, `description`, `expanded`, `language`, `target`, `icon`) VALUES ('user_list_vip', 'Management', 'vip注册记录', '/admin/user/vipUserList.htm', 'user_mgr_2', '0', 6, '', '1', '*', '_self', '');
INSERT INTO `menu` (`id`, `type`, `label`, `url`, `pid`, `enable`, `seq_num`, `description`, `expanded`, `language`, `target`, `icon`) VALUES ('user_login_log_list', 'Management', '用户登录日志', '/admin/user/userLoginLogList.htm', 'system_audit', '1', 0, '', '1', '*', '_self', '');
INSERT INTO `menu` (`id`, `type`, `label`, `url`, `pid`, `enable`, `seq_num`, `description`, `expanded`, `language`, `target`, `icon`) VALUES ('user_message', 'Management', '用户消息', '', 'system_config', '1', 5, '', '1', '*', '_self', '');
INSERT INTO `menu` (`id`, `type`, `label`, `url`, `pid`, `enable`, `seq_num`, `description`, `expanded`, `language`, `target`, `icon`) VALUES ('user_message_node_list', 'Management', '用户消息发送节点', '/admin/userMessage/userMessageNodeList.htm', 'user_message', '1', 13, '', '0', '*', '_self', '');
INSERT INTO `menu` (`id`, `type`, `label`, `url`, `pid`, `enable`, `seq_num`, `description`, `expanded`, `language`, `target`, `icon`) VALUES ('user_message_template_list', 'Management', '用户消息发送模板', '/admin/userMessage/userMessageTemplateList.htm', 'user_message', '1', 14, '', '0', '*', '_self', '');
INSERT INTO `menu` (`id`, `type`, `label`, `url`, `pid`, `enable`, `seq_num`, `description`, `expanded`, `language`, `target`, `icon`) VALUES ('user_message_way_list', 'Management', '用户消息发送方式', '/admin/userMessage/userMessageWayList.htm', 'user_message', '1', 15, '', '0', '*', '_self', '');
INSERT INTO `menu` (`id`, `type`, `label`, `url`, `pid`, `enable`, `seq_num`, `description`, `expanded`, `language`, `target`, `icon`) VALUES ('user_mgr', 'Management', '用户管理', '', NULL, '1', 2, '', '1', '*', '_self', '');
INSERT INTO `menu` (`id`, `type`, `label`, `url`, `pid`, `enable`, `seq_num`, `description`, `expanded`, `language`, `target`, `icon`) VALUES ('user_mgr_2', 'Management', '用户管理', '', 'user_mgr', '1', 0, '', '1', '*', '_self', '');
INSERT INTO `menu` (`id`, `type`, `label`, `url`, `pid`, `enable`, `seq_num`, `description`, `expanded`, `language`, `target`, `icon`) VALUES ('user_operate_log_list', 'Management', '用户操作日志', '#', 'system_audit', '0', 2, '', '1', '*', '_self', '');
INSERT INTO `menu` (`id`, `type`, `label`, `url`, `pid`, `enable`, `seq_num`, `description`, `expanded`, `language`, `target`, `icon`) VALUES ('user_safe_config', 'Management', '账号安全配置', '/admin/config/config.htm?id=user_safe', 'safe_config', '1', 0, '', '1', '*', '_self', '');
INSERT INTO `menu` (`id`, `type`, `label`, `url`, `pid`, `enable`, `seq_num`, `description`, `expanded`, `language`, `target`, `icon`) VALUES ('withdraw_list_recheck', 'Management', '待复核提现', '/admin/withdraw/withdrawList.htm?withdrawStatus=recheck', 'recharge_withdraw_mgr', '1', 4, '', '1', '*', '_self', '');
INSERT INTO `menu` (`id`, `type`, `label`, `url`, `pid`, `enable`, `seq_num`, `description`, `expanded`, `language`, `target`, `icon`) VALUES ('withdraw_list_success', 'Management', '已经提现', '/admin/withdraw/withdrawList.htm?withdrawStatus=success', 'recharge_withdraw_mgr', '1', 6, '', '1', '*', '_self', '');
INSERT INTO `menu` (`id`, `type`, `label`, `url`, `pid`, `enable`, `seq_num`, `description`, `expanded`, `language`, `target`, `icon`) VALUES ('withdraw_list_verify_fail', 'Management', '审核未通过', '/admin/withdraw/withdrawList.htm?withdrawStatus=verify_fail', 'recharge_withdraw_mgr', '1', 8, '', '1', '*', '_self', '');
INSERT INTO `menu` (`id`, `type`, `label`, `url`, `pid`, `enable`, `seq_num`, `description`, `expanded`, `language`, `target`, `icon`) VALUES ('withdraw_list_wait_verify', 'Management', '待审核提现', '/admin/withdraw/withdrawList.htm?withdrawStatus=wait_verify', 'recharge_withdraw_mgr', '1', 2, '', '1', '*', '_self', '');
